GeographyName,GeographyCode,TotalDeath,ChildAge,YoungAge,AdultAge,MiddleAge,SeniorAge,Part_Time_Job,Full_Time_Job,Self_Employment,Unemployed,Retired,GoodHealth,FairHealth,BadHealth,BornInUK,ResidenceInUK,Other,PublicTransport,PrivateTransport,NoPassport,UKPassport,OtherPassport
Adur,E07000223,1.42,160.5,57.86,99.92,462.15,219.57,114.97,268.79,81.77,23.96,120.54,792.39,150.06,57.55,938.02,61.98,305.83,65.41,345.64,160.08,810.88,36.3
Allerdale,E07000026,2.69,156.57,60.05,97.67,477.94,207.76,120.46,268.74,75.77,26.48,139.2,790.11,147.37,62.52,973.27,26.73,361.96,24.05,350.11,237.49,749.26,16.47
Amber Valley,E07000032,2.5,163.46,59.73,103.61,486.96,186.24,109.35,296.21,66.9,28.64,128.49,789.97,149.92,60.11,970.2,29.8,328.68,27.57,384.15,237.74,747.07,18.27
Arun,E07000224,2.14,145.6,53.04,98.7,439.63,263.03,105.23,251.52,79.21,23.66,144.9,787.52,155.83,56.65,913.96,86.04,334.85,33.98,340.59,170.37,776.51,59.31
Ashfield,E07000170,3.16,177.89,61.47,118.56,472.72,169.36,108.59,291.18,51.55,34.65,121.72,765.32,163.05,71.63,970.04,29.96,336.79,41.2,358.75,267.37,716.08,18.53
Ashford,E07000105,2.94,194.71,64.61,107.79,463.61,169.28,104.56,281.66,84.79,25.92,102.93,826.69,127.39,45.92,907.06,92.94,313.13,46.7,354.45,163.91,782.53,61.92
Aylesbury Vale,E07000004,2.04,190.4,62.5,107.01,490.57,149.51,101.94,314.1,89.19,22.22,90.07,855.91,109.53,34.56,891.86,108.14,300.76,44.75,382.31,135.84,809.14,67.21
Babergh,E07000200,2.33,168.62,58.37,88.36,470.88,213.77,109.16,267.08,91.44,21.42,130.7,824.12,132.48,43.4,950.08,49.92,326.92,29.85,362.12,188.09,789.04,29.27
Barking and Dagenham,E09000002,2.76,246.16,67.69,150.74,431.48,103.93,83.95,239.31,61.43,50.38,59.14,809.74,129.32,60.94,691,309,318.54,192.15,175.49,159.59,650.54,207.93
Barnet,E09000003,2.43,196.09,57.75,155.28,457.8,133.09,85.52,261.44,113.05,32.2,64.44,844.48,109.91,45.61,611.39,388.61,315.31,213.05,196.82,55.59,732.12,255.64
Barnsley,E08000016,3.1,172.55,62.23,121.01,471.17,173.04,107.29,271.78,56.67,37.79,121.13,751.85,164.15,84,966.25,33.75,351.02,40.11,345.84,233.62,748.23,19.96
Barrow-in-Furness,E07000027,2.39,164.75,65,114.52,468.21,187.52,122.6,271.01,45.67,34.23,132.7,758.51,157.74,83.75,970.85,29.15,383.26,38,318.44,232.63,754.38,15.62
Basildon,E07000066,3.18,188.89,63.26,120.49,467.54,159.82,102.32,290.51,69.44,33.5,100.27,812.02,132.64,55.34,928.03,71.97,306.61,102.3,311.99,161.57,798.97,46.72
Basingstoke and Deane,E07000084,1.71,188.74,57.27,118.86,491.2,143.93,98.37,351.9,70.27,23.83,92.14,857.88,107.55,34.57,892.92,107.08,286.27,53.33,394.87,147.41,790.23,73.25
Bassetlaw,E07000171,1.9,166.1,62.9,106.75,478.7,185.54,112.99,279.85,61.55,29.19,125.85,774.96,157.66,67.38,953.12,46.88,346.04,18.18,373.89,233.18,738.89,30.97
Bath and North East Somerset,E06000022,1.51,156.27,75.46,148.49,439.02,180.76,106.91,263.42,81.28,20.16,101.67,839.3,118.49,42.21,907.07,92.93,382.44,50.36,308.89,150.54,795.33,66.74
Bedford,E06000055,3.04,186.88,66.36,125.57,463.28,157.91,100.59,291.74,68.75,32.13,92.18,828.83,125.81,45.36,823.95,176.05,321.69,46.04,354.68,151.21,738.85,121.35
Bexley,E09000004,2.5,190.58,68.23,124.45,456.34,160.4,99.45,288.1,70.59,31.23,94.13,826.6,125.07,48.33,859.35,140.65,286.61,177.64,250.9,122.56,805.63,85.69
Birmingham,E08000025,2.53,214.27,74.81,167.29,414.82,128.8,89.64,234.54,49.23,50.43,75.68,794.44,138.65,66.9,777.91,222.09,369.24,90.59,248.67,169.2,732.53,106.96
Blaby,E07000129,2.21,174.2,62.52,106.43,477.17,179.68,114.28,310.99,71.99,20.9,114.16,833.16,125.26,41.58,934.42,65.58,277.01,32.02,420.98,150.28,824.5,29.34
Blackburn with Darwen,E06000008,2.82,217.49,69.28,140.14,443.85,129.24,98.55,241.35,54.22,37.8,89.82,786.51,140.52,72.97,852.23,147.77,368.86,37.13,301.98,181.93,768.66,55.31
Blackpool,E06000009,2.69,166.87,60.87,120.43,460.09,191.74,104.43,240.95,70.11,44.61,118.31,736.44,168.77,94.79,945.78,54.22,390.45,45.33,294.96,244.13,725.82,33.34
Bolsover,E07000033,2.93,166.83,62.45,116.4,472.62,181.69,105.26,283.95,53.38,34.43,124.73,742.85,170.89,86.26,969.79,30.21,342.13,27.4,367.89,274.21,708.91,18.98
Bolton,E08000001,2.46,193.06,64.75,131.35,457.15,153.69,100.43,269.63,59.06,35.81,106.63,792.36,141.41,66.24,887.19,112.81,342.14,53.07,329.99,174.89,779.27,51.33
Boston,E07000136,2.43,163.85,57.01,128.63,453.38,197.13,115.72,289.04,60.45,30.46,121.32,781.64,158.61,59.75,848.54,151.46,327.86,13.85,390.16,271.52,595.09,136.59
Bournemouth,E06000028,2.05,144.61,62.07,174.75,442.47,176.09,99.67,278.75,76.11,28.68,91.76,807.75,135.52,56.73,850.6,149.4,357.65,53.73,338.38,152.69,746.04,112.6
Bracknell Forest,E06000036,1.39,193.05,63.88,124.29,493.82,124.97,97.75,360.07,72.14,24.8,75.05,866.87,100.65,32.48,868.28,131.72,268.5,40.25,425.45,119.03,802.91,93.97
Bradford,E08000032,2.22,219.96,67.7,142.58,436.95,132.82,101.05,240.68,60.24,40.62,84.14,804.22,137.01,58.78,828.48,171.52,349.34,65.3,286.32,162.93,766.42,81.5
Braintree,E07000067,2.73,184.51,58.94,111.02,479.54,165.98,107.06,298.19,84.37,27.29,102.17,832.01,124.36,43.63,940.84,59.16,303.17,57.25,365.13,174.74,791.42,40.09
Breckland,E07000143,2.26,162.89,58.49,112.17,450.82,215.63,105.54,278.56,72.79,25.3,129.81,795.15,149.93,54.92,913.27,86.73,337.66,15.92,368.13,250.36,688.68,66.16
Brent,E09000005,2.54,189.7,59.73,189.25,456.33,104.99,82.59,269.18,96.41,43.49,59.83,828.57,118.02,53.4,449.17,550.83,334.24,259.1,157.67,50.76,650.14,326.96
Brentwood,E07000068,3.04,170.76,61.07,101.45,475.84,190.88,97.04,294.52,87.82,22.65,107.12,843.53,116.37,40.09,916.55,83.45,298.65,135.19,285.7,96.36,859.32,58.42
Brighton and Hove,E06000043,1.48,152.61,65.99,187.03,463.82,130.56,100.57,278.01,99.65,28.6,71.79,829.07,118.15,52.78,843.12,156.88,407.48,126.17,237.44,107.32,793.92,118.16
Bristol,E06000023,1.32,173.21,63.15,198.78,434.4,130.47,100.37,298.5,63.3,32.27,73.64,822.7,122.47,54.83,852.59,147.41,379.9,59.01,311.86,165.15,747.38,100.02
Broadland,E07000144,2.48,156.16,56.86,86.86,476.96,223.16,121.22,274.22,82.69,18.56,134.59,812.9,140.2,46.9,957.96,42.04,294.93,33.49,396.07,188.57,793.46,24.12
Bromley,E09000006,2.18,183.48,57.89,109.91,480.52,168.19,93.77,295.76,85.94,28.02,95.85,842.21,116.67,41.12,855.38,144.62,292.31,206.34,220.63,95.68,829.05,94.31
Bromsgrove,E07000234,2.64,163.09,61.43,95.34,475.79,204.35,110.99,285.2,82.97,22.11,117.81,824.87,126.93,48.21,960.09,39.91,298.93,33.85,391.36,159.38,822.52,23.05
Broxbourne,E07000095,2.3,188.32,62.28,120.62,465.38,163.4,104.58,289.32,84.19,30.18,95.4,830.4,123.32,46.28,881.58,118.42,284.99,92.68,344.46,112.9,811.77,85.9
Broxtowe,E07000172,2.38,158.12,58.96,121.9,477.45,183.57,108.28,303.15,57.39,28.83,122.75,804.73,142.61,52.66,922.99,77.01,328.63,57.79,358.63,179.33,776.57,50.18
Burnley,E07000117,3.33,184.4,63.64,130.08,459.53,162.35,104.86,266.34,52.73,38.39,111.94,765.66,157.16,77.18,922.65,77.35,359.65,44.02,324.3,206.42,766.04,32.91
Bury,E08000002,2.8,187.53,62.39,120.56,469.91,159.62,103.31,291.54,66.03,31.17,105.68,803.86,137.41,58.73,912.92,87.08,315.62,61.26,350.92,158.29,799.98,49.98
Calderdale,E08000033,1.56,183.74,61.96,115.34,479.64,159.31,107.56,282.68,69.03,36.28,109.92,806.85,137.82,55.34,925.25,74.75,332.79,59.19,337.89,174.88,793.35,37.64
Cambridge,E07000008,0.98,135.48,82.65,253.63,410.35,117.88,80.74,301.53,58.86,21.32,56.52,866.6,97.05,36.35,706.29,293.71,423.2,57.52,312.74,109.84,670.63,253.92
Camden,E09000007,1.4,152.77,56.84,216.88,464.7,108.82,62.3,303.87,105.76,35.2,54.04,839.74,104.22,56.05,575,425,420.2,277.94,90.8,48.09,687.85,319.95
Cannock Chase,E07000192,2.72,175.83,64.07,123.35,476.1,160.65,112.96,295.91,64.29,33.97,110.15,787.66,144.58,67.76,975.08,24.92,311.77,25.84,403.95,241.34,747.14,13.47
Canterbury,E07000106,2.98,154.9,88.05,164.61,404.23,188.2,94.4,231.16,71.37,22.56,111.35,814.46,133.72,51.82,890.45,109.55,404.4,46.61,289.12,150.31,781.08,80.85
Carlisle,E07000028,2.97,160.72,61.29,122.96,469.99,185.05,123.65,289.81,67.99,26.48,114.68,800.63,139.78,59.59,950.98,49.02,349.78,40.01,349.87,220.54,749.69,33.48
Castle Point,E07000069,4.15,156.3,62.23,101.71,463.86,215.89,108.23,267.23,81.56,26.01,142.31,796.11,147.29,56.61,964.24,35.76,314.4,86.71,333.19,141.21,844.61,18.76
Central Bedfordshire,E06000056,2.28,182.62,60.28,110.39,489.89,156.81,102.48,319.62,80.48,25.33,98.71,846.68,114.8,38.52,920.87,79.13,290.51,45.98,397.29,149.01,805.39,54.08
Charnwood,E07000130,1.94,158.48,77.58,157.74,442.08,164.13,103.61,286.53,62.82,23.26,102.9,834.09,124.14,41.76,896.03,103.97,351.28,32.69,368.39,159.07,793.37,54.25
Chelmsford,E07000070,2.46,173.92,60.92,121.91,476.79,166.47,107.77,311.58,75.9,25.09,103.88,849.06,114.44,36.5,923.66,76.34,304.74,91.44,338.74,125.05,832.97,51.49
Cheltenham,E07000078,1.87,158.78,65.29,159.93,448.99,167.02,99.42,311.86,71.2,24.87,94.32,842.29,117.78,39.93,888.18,111.82,359.24,38.43,346.21,157.32,775.99,78.36
Cherwell,E07000177,1.63,188.22,59.27,121.01,478.55,152.95,106.18,330.07,75.15,20.7,89.48,849.85,111.68,38.47,886.55,113.45,300.03,44.06,383.83,166.7,764.19,81.06
Cheshire East,E06000049,2.46,165.68,59.65,101.68,480.16,192.83,105.21,288.72,78.5,23.62,125.49,823.12,127.81,49.07,945.17,54.83,330.37,25.5,376.18,166.91,801.7,37.91
Cheshire West and Chester,E06000050,2.62,164.53,61,116.22,472.88,185.37,109.85,290.17,66.31,27.15,121.03,815.34,129.26,55.4,951.5,48.5,332.11,30.22,375.38,173.64,799.8,32.11
Chesterfield,E07000034,1.99,162.74,62.41,114.22,474.77,185.87,118.24,275.49,54.71,34.27,124.23,760.16,163.64,76.19,961.94,38.06,344.07,48.02,344.11,254.37,725.25,23.46
Chichester,E07000225,2.53,152.68,57.27,99.74,445.18,245.13,100.04,244.71,103.47,19.92,129.82,825.89,130.94,43.17,919,81,354.06,33.27,324.81,152.39,807.85,51.26
Chiltern,E07000005,1.98,190.77,60.01,79.87,475.38,193.97,95.58,269.64,103.48,18.65,108.36,865.94,101.83,32.23,889.36,110.64,306.64,76.15,319.35,94.96,852.47,72.97
Chorley,E07000118,2.11,170.24,57.31,115.09,489.74,167.63,107.71,309.52,68.13,24.15,120.38,811.98,132.72,55.29,963.37,36.63,319.23,28.79,398.11,184.51,798.69,20.74
Christchurch,E07000048,2.07,144.89,52.61,82.61,422.79,297.1,106.84,225.88,78.38,21.09,156.85,781.52,160.85,57.63,943.37,56.63,325.47,26.51,331.65,162.93,814.52,30.55
City of London,E09000001,1.49,79.59,26.71,203.53,549.83,140.34,48.81,440,140.47,25.36,78.64,879.46,87.19,33.36,633.22,366.78,591.32,205.02,58.85,32.14,725.02,306.03
Colchester,E07000071,2.03,171.35,67.66,149.26,453.94,157.78,106.72,292.3,70.22,25.75,97.65,836.63,120.9,42.47,888.03,111.97,339.05,69.61,334.16,160.72,770.44,77.96
Copeland,E07000029,2.41,157.67,59.52,110.53,483.14,189.14,113.08,290.71,52.05,31.66,136.78,782.79,148.95,68.27,971.3,28.7,350.42,32.28,363.75,238.45,747.5,16.7
Corby,E07000150,2.02,193.89,62.13,142.19,466.08,135.7,100.32,341.18,43.13,36.27,90.87,810.99,131.34,57.68,868.55,131.45,295.73,42.48,397.22,209.7,687.91,107.26
Cornwall,E06000052,0.95,156.71,59.74,102.82,464.22,216.51,112.31,231.45,99.6,23.85,138.28,788.25,148.76,62.99,955.65,44.35,379.59,17.62,333.35,252.31,726.98,26.04
Cotswold,E07000079,1.6,154.45,57.93,87.51,477.03,223.08,105.01,264.63,116.64,17.99,117.78,838.55,123.31,38.14,929.36,70.64,353.31,17.51,354.01,169.07,797.17,46.3
County Durham,E06000047,2.63,159.97,64.82,128.17,467.12,179.92,98.58,280.42,49.31,33.15,127.51,757.8,160.56,81.64,967.53,32.47,371.78,34.61,341.4,234.22,748.15,21.07
Coventry,E08000026,1.87,185.23,76.48,174.97,417.41,145.92,94.02,266.99,45.24,39.54,87.68,806.93,132.53,60.55,787.88,212.12,364.4,60.35,306.8,167.89,704.16,135.01
Craven,E07000163,2.24,154.07,58.29,84.73,475.32,227.58,110.79,262.41,108.74,18.1,135.81,821.76,133.32,44.92,958.53,41.47,355,30.19,337.72,171.09,807.72,26.85
Crawley,E07000226,1.88,195.14,58.34,148.78,471.39,126.35,104.4,342.31,56.47,32.74,68.79,835.2,120.6,44.19,797.39,202.61,268.64,101.99,354.98,128.91,755.23,127.74
Croydon,E09000008,2.51,204.19,64.85,141.13,467.71,122.12,91.12,290.66,74.36,39.94,71.77,834.44,119.64,45.92,704.21,295.79,309.02,218.57,196.3,103.96,751.23,165.58
Dacorum,E07000096,2.15,186.32,60.17,114.53,481,157.98,99.57,306.68,84.26,26.43,89.1,843.9,115.83,40.27,893.95,106.05,300.78,65.7,354.35,132.77,811.15,69.45
Darlington,E06000005,2.31,178.82,60.7,120.1,465.71,174.67,109.46,287.38,53,37.91,115.7,798.05,143.19,58.76,947.53,52.47,346.46,45.16,334.34,216.64,757.3,29.62
Dartford,E07000107,2.93,191.71,61.68,136.39,466.92,143.3,100.29,322.91,71.02,31.83,85.85,834.12,121.57,44.31,887.22,112.78,272.21,121.08,330.66,140.83,793.17,75.91
Daventry,E07000151,1.75,176.78,62.47,94.87,496.6,169.28,101.54,303.39,87.03,22.24,112.75,837.11,120.73,42.16,940.06,59.94,319.42,18.31,399.38,165.9,801.31,39.16
Derby,E06000015,2.84,191.29,67.25,153.89,436.15,151.43,105.77,277.3,46.86,37.37,92.16,799.58,141.48,58.94,860.82,139.18,343.72,49.92,327.13,205.73,721.63,78.8
Derbyshire Dales,E07000035,2.35,153.68,56.7,80.53,486.54,222.55,116.29,255.26,106.56,19.6,139.25,817.96,136.65,45.39,967.25,32.75,355.38,19,356.52,187.36,797.42,21.61
Doncaster,E08000017,2.64,177.57,62.62,131.14,459.55,169.12,109.5,267.85,53.56,41.99,112.8,776.19,151.28,72.53,938.26,61.74,350.53,46.25,333.64,232.32,732.84,37.96
Dover,E07000108,3.04,168.3,62.73,105.08,462.26,201.63,106.24,260.79,71.02,32.3,127.29,787.2,149.95,62.85,926.87,73.13,355.76,35.79,331.86,182.77,776.67,48.85
Dudley,E08000027,2.31,176.85,63.48,118.52,455.18,185.98,108.61,276.92,54.58,38.55,117.02,782.07,152.84,65.09,946.9,53.1,324.29,48.49,351.75,237.78,741.65,23.69
Ealing,E09000009,2.19,191.62,55.17,173,473.17,107.04,76.47,296.84,92.05,38.88,61.77,836.45,113.52,50.03,517.72,482.28,320.8,234.34,191.69,62.03,666.45,302.25
East Cambridgeshire,E07000009,1.16,182.94,54.33,107.44,484.6,170.69,105.12,318.86,86.22,20.84,98.12,839.45,120.87,39.68,901.67,98.33,277.06,38.87,408.42,179.84,751.14,79.98
East Devon,E07000040,1.37,142.94,55.26,80.92,438.93,281.95,112.01,227.95,98.51,17.14,156.65,798.15,150.69,51.16,950.68,49.32,356.42,25.05,319,186.87,792.24,27.45
East Dorset,E07000049,2.1,143.76,55.08,76.23,445.93,279,110.83,244.33,87.71,15.02,154.82,810.96,142.67,46.37,951.02,48.98,308.76,11.72,379.87,145.76,837.64,23.12
East Hampshire,E07000085,1.7,173.22,63.41,90.68,479.77,192.92,103.58,290.3,95.79,18.45,110.61,851.52,111.45,37.02,917.13,82.87,311.22,35.53,375.71,137.01,825.27,49.54
East Hertfordshire,E07000242,1.67,186.31,62.74,99.78,496.82,154.36,102.19,318.02,89.49,20.69,90.68,862.33,104.04,33.63,919.91,80.09,289.74,85.92,351.3,106.74,844.26,61.33
East Lindsey,E07000137,2.34,142,55.28,90.24,452.67,259.81,104.57,218.13,79.6,29.08,176.23,735.17,182.66,82.17,963.09,36.91,416.92,10.96,304.73,287.91,694.58,20.89
East Northamptonshire,E06000011,0.58,154.57,61.03,92.32,478.25,213.82,113.28,271.59,74.31,26.32,143.01,801.55,144.55,53.89,961.5,38.5,344.59,22.23,368.09,191.95,788.26,23.59
East Riding of Yorkshire,E07000193,6.59,178.3,63.25,122.56,467.46,168.43,106.84,297.84,63.21,27.92,110.03,815.88,134.72,49.4,913.31,86.69,334.4,24.03,372.84,216.05,735,53.4
Eastbourne,E07000061,3.18,156.66,62.88,122.28,433.83,224.35,104.56,248.46,72.9,28.91,118.99,784.72,153.41,61.86,880.12,119.88,353.57,55.64,299.69,170.72,758.65,81.36
Eastleigh,E07000086,1.41,176.67,60.12,116.33,480.5,166.38,116.22,320.32,70.96,22.11,103.21,844.66,116.12,39.22,926.27,73.73,274.47,37.66,419.36,141.21,823.62,42.95
Eden,E07000030,2.51,150.84,56.6,90.65,482.57,219.33,117.78,259.7,127.18,15.64,129.78,818.43,136.88,44.69,965.81,34.19,368.41,17.27,351.23,210.56,770.47,23.32
Elmbridge,E07000207,2.03,201.05,54.67,85.16,494.71,164.42,83.36,293.92,103.65,18.77,85.88,874.38,94.44,31.17,817.26,182.74,290.82,119.77,292.58,72.61,817.31,144.51
Enfield,E09000010,2.38,210.42,65.64,149.4,450.26,124.28,93.24,247.47,80.46,42.22,70.61,818.47,127.05,54.48,649.25,350.75,327.45,182.06,207.44,85.99,754.7,184.65
Epping Forest,E07000072,3.07,171.93,59.23,106.59,481.36,180.89,96.45,278.54,105.82,26.14,102.25,830.18,123.82,46,908.95,91.05,294.69,132.95,299.32,107.36,845.87,59.67
Epsom and Ewell,E07000208,2.92,183.48,62.37,108.31,478.4,167.44,98.55,302.2,84.58,19.71,96.93,859.67,106.36,33.97,837.33,162.67,290.26,132.74,298.29,78.27,835.7,108
Erewash,E07000036,2.58,166.4,62.7,117.07,475.42,178.41,111.04,305.74,58.84,33.39,115.04,794.2,149.55,56.25,963.63,36.37,315.72,43.42,377.91,222.26,760.08,20.88
Exeter,E07000041,0.97,149.53,79.78,196.84,418.73,155.12,113.34,280.33,57.48,23.26,84.71,832.75,119.51,47.74,889.5,110.5,410.54,56.59,293.18,179.08,748,84.23
Fareham,E07000087,2.37,161.96,59.89,100.08,473.94,204.12,110.45,308.74,67.76,18.97,126.17,837.54,122.23,40.23,943.65,56.35,289.48,30.43,407.79,136.13,843.02,27.07
Fenland,E07000010,2.17,163.62,58.87,114.95,459.76,202.8,101.83,286.62,67.27,30.77,124.59,772.81,165.44,61.76,913.83,86.17,331.76,18.85,376.41,264.52,670.96,68.18
Forest Heath,E07000201,1.07,174.7,49.54,170.43,443.08,162.25,95.48,350.46,68.17,23.63,90.43,835.73,121.09,43.18,770.23,229.77,291.47,16.3,429.54,174.05,627.7,209.95
Forest of Dean,E07000080,1.37,158.04,67.32,95.18,472.21,207.24,109.91,260.56,91.14,25.43,130.56,800.64,144.93,54.43,961.43,38.57,342.27,16.46,377.48,236.34,746.42,22.01
Fylde,E07000119,3.35,147.8,53.95,92.19,463.93,242.13,97.34,266.93,75.1,22.27,148.66,784.17,153.37,62.46,950.17,49.83,344.44,26.4,349.14,160.3,817.01,27.77
Gateshead,E08000037,2.23,165.12,60.78,130.68,467.38,176.04,105,294.62,43.98,37.06,117.53,764.82,155.62,79.56,950.74,49.26,339.91,98.19,301.5,205.56,766.7,31.41
Gedling,E07000173,2.55,167.48,59.93,107.51,479.99,185.09,113.97,292.14,68.31,29.87,121.31,802.23,145.08,52.68,944.17,55.83,307.77,73.9,351.83,171.54,803.19,30.27
Gloucester,E07000081,2.01,185.93,64.94,140.7,459.96,148.45,117.54,315.91,51.32,31.15,88.14,820.17,130.93,48.9,895.26,104.74,302.63,42.59,385.67,205.9,736.18,63.73
Gosport,E07000088,1.89,182.59,61.85,125.68,459.15,170.73,103.99,312.42,53.93,30.5,104.69,815.3,135.85,48.85,939.24,60.76,307.7,34.66,377.77,213.78,762.15,28.95
Gravesham,E07000109,2.9,191.22,66.09,128.98,453.56,160.15,103.81,281.33,68.34,36.51,97.37,814.69,133.99,51.33,859.41,140.59,309.87,86.28,323.39,159.24,756.05,92.92
Great Yarmouth,E07000145,2.13,164.91,64.16,120,441.52,209.41,117.53,234.16,60.08,43.77,132.42,763.14,165.82,71.04,934.67,65.33,381.85,31.23,308.92,289.21,668.34,46.05
Greenwich,E09000011,1.89,205.27,63.09,165.39,463.65,102.59,81.31,282.23,71.91,45.25,61.66,830.92,115.44,53.64,690,310,323.64,256.93,152.95,121.36,678.79,224.36
Guildford,E07000209,1.6,168.4,65.22,149.87,460.57,155.94,90.62,305.74,84.02,20.05,84.24,870.47,97.99,31.54,844.9,155.1,337.4,78.03,328.5,102.45,802.91,117.25
Hackney,E09000012,1.94,196.48,54.45,225.46,452.98,70.63,86.87,278.88,94.58,53.63,42.4,828.93,108.97,62.09,609.21,390.79,366.52,260.88,133.65,67.95,720.82,250.42
Halton,E06000006,2.18,185.41,64.27,128.55,474.8,146.97,104.19,295.99,43.1,40.96,106.02,782.35,139.2,78.45,973.08,26.92,337.36,42.44,357.46,209.92,776.82,15.45
Hambleton,E07000164,1.78,157.08,58.08,96.79,472.2,215.85,110.42,284.69,98.04,18.73,132.48,830.9,126.04,43.07,955.14,44.86,347.23,15.93,368.89,178.79,801.56,24.19
Hammersmith and Fulham,E09000013,1.54,153.87,43.38,237.27,475.55,89.94,60.68,365.51,97.89,38.69,50.06,857.07,94.18,48.74,572.37,427.63,359.3,316.06,122.22,55.31,668.71,329.53
Harborough,E07000131,1.77,178.11,60.39,86.68,492.22,182.6,110.32,296.82,93.46,17.77,112.07,851.26,113.69,35.05,946.32,53.68,303,22.19,399.93,141.48,835.21,30.11
Haringey,E09000014,1.86,192.69,55.91,183.96,479.69,87.75,84.73,276.44,105.18,46.01,52.53,831.82,111.58,56.6,554,446,330.91,300.36,126.05,61.88,685.4,292.1
Harlow,E07000073,2.29,193.62,61.55,132.14,462.52,150.16,105.47,308.27,62.31,37.14,80.85,809.69,136.72,53.6,884.43,115.57,291.46,67.49,357.02,175.47,750.63,81.68
Harrogate,E07000165,1.8,169.87,59.47,98.52,476.45,195.69,107.67,294.61,96.31,18.57,112.07,844.04,118.03,37.94,912.08,87.92,328.92,34.76,358.67,144.35,798.73,65.34
Harrow,E09000015,2.7,187.94,63.18,148.13,459.92,140.83,89.61,273.96,92.53,32.85,76.09,835.79,118.5,45.71,552.2,447.8,313.63,198.19,219.19,53.13,746.25,221.22
Hart,E07000089,1.65,188.85,56.99,96.7,492.48,164.97,100.58,328.84,82.32,17.25,103.53,880.99,92.63,26.39,904.35,95.65,283.45,46.09,396.43,93.14,861.73,58.87
Hartlepool,E06000001,2.72,179.76,68.22,125.8,456.73,169.49,109.66,245.96,41.35,56.44,115.41,759.91,158.72,81.37,972.19,27.81,380.43,41.36,304.12,255.57,732.42,14.44
Hastings,E07000062,2.66,173.5,63.81,126.2,465.85,170.64,108.25,244.8,81.9,40.12,104.92,767.42,158.18,74.4,913.12,86.88,382.21,58.36,291.1,234.35,718.79,55.02
Havant,E07000090,2.45,168.18,63.1,109.72,448.32,210.67,108.38,267.88,68.47,28.54,123.41,801.67,142.42,55.91,948.64,51.36,313.66,38.02,362.96,201.21,780.15,23.52
Havering,E09000016,3.56,173.91,64.74,124.93,458.21,178.21,98.97,286.59,75.78,32.15,102.87,815.7,132.75,51.56,897.18,102.82,295.26,172.98,253.11,122.77,821.3,65.72
Herefordshire,E06000019,1.6,159.44,58.23,104.17,465.51,212.65,110.89,262.13,104.38,23.73,120.72,808.65,139.07,52.28,933.25,66.75,357.29,14.33,355.68,225.79,732.03,47.78
Hertsmere,E07000098,3.18,188.82,61.15,119.64,467.16,163.23,96.19,281.58,99.97,26.49,80.27,844.19,114.29,41.52,829.87,170.13,297.4,111.18,306.32,93.25,812.16,116.47
High Peak,E07000037,2.62,168.76,63.32,106.74,488.79,172.39,113.5,290.2,82.3,28.34,116.19,815.97,132.15,51.89,964.14,35.86,344.3,45.27,351.85,183.43,798.68,22.6
Hillingdon,E09000017,2.58,195.29,69.48,156.28,450.53,128.42,86.54,295.09,68.07,31.73,74.14,840.61,114.96,44.43,700.38,299.62,308.88,143.47,277.48,94.84,746.81,174.81
Hinckley and Bosworth,E07000132,1.97,164.74,56.95,106.05,488.28,183.99,108.57,314.88,73.89,23.3,122.99,820.96,132.99,46.05,958.84,41.16,300.77,20.87,417.97,180.47,800.98,22.55
Horsham,E07000227,1.71,174.19,59.98,87.72,483.36,194.74,106.06,289.62,93,19.47,111.2,853.66,111.04,35.29,920.12,79.88,309.91,46.15,362.28,110.61,849.64,52.35
Hounslow,E09000018,2.24,191.25,57.79,176.58,468.62,105.76,81.07,314.08,80.29,34.71,62.38,840.72,112.43,46.85,567.2,432.8,310.82,204.19,233.77,81.52,670.92,271.68
Huntingdonshire,E07000011,1.47,177.94,60.87,113.93,486.2,161.05,104.89,333.41,70.27,23.34,104.28,844.47,116.11,39.41,903.83,96.17,297.93,34.94,406.6,160.28,779.95,68.71
Hyndburn,E07000120,2.61,191.82,65.4,127.93,456.2,158.66,97.88,272.86,58.61,33.29,109.04,772.52,151.42,76.05,928.26,71.74,343.39,37.6,341.83,210.04,760.37,34.55
Ipswich,E07000202,2.39,183.17,64.75,153.23,450.18,148.67,120.49,299.99,53.28,39.08,84.56,813.97,135.35,50.68,881.67,118.33,338.48,52.37,337.63,236.67,688.94,81.36
Isle of Wight,E06000046,1.84,151.32,59.23,97.62,453.48,238.34,113.75,219.53,83.56,31.72,148.11,773.4,161.85,64.75,947.95,52.05,406.42,26.49,288.51,245.07,730.16,30.67
Isles of Scilly,E06000053,0,147.07,25.42,111.67,486.16,229.69,99.86,296.41,196.55,8.17,94.87,857.47,112.57,29.96,939.63,60.37,475.71,4.99,255.56,155.24,808.9,47.21
Islington,E09000019,1.58,150.35,52.4,243.53,466.23,87.5,65.96,338.88,91.58,43.47,49.5,823.62,112.13,64.25,645.7,354.3,397.69,296.98,106.54,70.55,716.98,252.72
Kensington and Chelsea,E09000020,1.58,146.52,40.81,176.01,516.17,120.49,54.1,322.79,122.31,34.25,63.78,863.25,91.17,45.58,483.7,516.3,410.36,278.1,106.25,31.77,604.98,436.71
Kettering,E07000153,2.12,187.27,58.76,115.43,478.13,160.41,106.63,313.51,66.88,29.18,104.08,823.87,128.79,47.34,915.23,84.77,307.33,24.41,394.86,206.56,740.18,59.57
King's Lynn and West Norfolk,E07000146,2.64,156.79,55.59,110.91,447.2,229.51,105.37,264.13,74.44,26.46,141.66,779.94,158.97,61.08,923.47,76.53,340.61,19.28,363,254.96,691.42,58.6
Kingston upon Hull,E06000010,2.38,176.58,67.92,172.83,443.32,139.35,109.36,265.34,38.28,59.66,89.8,780.51,148.6,70.89,914.9,85.1,374.42,64.11,304.86,269.24,672.74,61.55
Kingston upon Thames,E09000021,1.91,177.88,61.63,161.58,471.72,127.19,84.89,309.45,87.52,24.05,70.48,861.74,102.62,35.64,717.36,282.64,322.65,190.64,234.38,74.53,761.36,194.4
Kirklees,E08000034,2.06,190.63,65.21,133.27,459.04,151.85,105.66,265.59,65.08,34.24,104.22,805.04,137.39,57.57,891.97,108.03,339.45,53.11,334.6,162.33,797.53,47.36
Knowsley,E08000011,2.71,182.55,69.39,130.75,459.57,157.75,104,260.91,42.62,47.47,98.81,758.49,146.82,94.69,976.65,23.35,356.25,81.05,290.32,195.13,793.66,13.71
Lambeth,E09000022,1.72,171.01,46.38,230.42,475.68,76.5,74.34,364.47,88.52,47.03,43.77,849.96,102.9,47.14,611.5,388.5,304.99,355.54,123.83,70.72,687.16,279.13
Lancaster,E07000121,2.06,154.75,81.47,152.94,427.54,183.31,107.33,251.58,63.84,24.3,113.59,805.12,137.02,57.86,926.86,73.14,388.78,40.06,317.65,194.73,756.66,54.5
Leeds,E08000035,2.04,171.12,70.31,175.3,437.44,145.84,97.82,289.46,56.29,35.64,92.41,818.8,127.1,54.1,885.37,114.63,351.28,87.75,307.29,162.64,775.32,69.68
Leicester,E06000016,2.46,197.79,74.25,197,418.13,112.83,101.08,244.91,42.51,45.42,68.02,805.42,134.24,60.34,663.95,336.05,402.97,64.52,266.9,160.94,686.94,159.85
Lewes,E07000063,2.73,162.38,57.22,95.13,458.06,227.22,108.98,244.02,98.57,23.78,124.96,803.6,142.56,53.83,925.5,74.5,335.12,76.5,298.81,142.25,821.08,48.02
Lewisham,E09000023,1.99,195.51,58.46,171.62,479.69,94.73,87.28,300.04,79.92,46.31,54.69,831.06,117.04,51.9,662.59,337.41,311.33,297.33,138.95,102.12,701.2,225.76
Lichfield,E07000194,2.79,163.12,58.5,101.78,475.37,201.22,108.19,286.5,77.58,25.15,137.93,817.05,131.73,51.22,961.62,38.38,328.99,28.97,384.75,180.1,801.01,22.5
Lincoln,E07000138,1.75,153.57,82.38,204.33,417.26,142.46,106.11,283.34,48.65,37.77,85.68,807.61,139.03,53.36,902.1,97.9,400.22,33.43,331.54,256.08,679.3,70.05
Liverpool,E08000012,2.74,155.8,74.12,194.25,435.46,140.36,96.09,250.37,44.33,51.41,88.05,772.08,140.27,87.66,901.11,98.89,411.85,112.44,240.86,174.47,762.71,68.77
Luton,E06000032,2.5,216.65,66.74,174.37,424.71,117.52,90.59,262.16,60.03,41.03,70.55,826.31,124.39,49.3,690.59,309.41,350.49,65.58,298.54,123.88,698.41,192.36
Maidstone,E07000110,2.57,179.07,59.76,117.79,472.49,170.9,104.95,301.25,82.23,24.8,105.13,831.62,124.34,44.04,907.2,92.8,317.54,55.07,357.24,150.58,793.6,64.21
Maldon,E07000074,2.26,162.49,57.8,87.02,491.91,200.78,107.74,272.03,99.11,22.41,132.21,818.32,134.17,47.51,960.85,39.15,324.38,48,364.39,151.47,830.88,22.98
Malvern Hills,E07000235,1.74,152.59,64.56,81.27,460.65,240.93,103.23,241.7,101.93,22.64,137.91,806.39,140.61,52.99,949.79,50.21,351.33,17.31,348.38,204.47,771.06,31.19
Manchester,E08000003,1.81,182.49,76.13,245.65,401.24,94.5,82.55,256.26,46.96,43.49,58,804.54,124.52,70.94,747.46,252.54,414.66,116.23,230.22,154.1,693.44,167.09
Mansfield,E07000174,2.82,169.64,62.57,127.48,468.53,171.79,111.3,285.57,52.67,33.95,116.02,758.05,161.99,79.97,944.32,55.68,336.29,34.74,367.54,255.53,708.89,38.45
Medway,E06000035,2.76,189.28,72.11,138.76,459.64,140.21,102.82,295.21,63.94,35.88,93.73,819.71,129.99,50.31,896.43,103.57,322.93,67.75,344.97,181.27,762.1,63.38
Melton,E07000133,1.81,168.81,59.23,100.68,487.51,183.76,111.88,307.31,84.19,21.18,115.75,838.51,124.96,36.53,948.88,51.12,319.02,22.07,392.49,196.86,777.81,29.1
Mendip,E07000187,1.55,172.18,69.46,95.84,467.81,194.71,116.45,258.53,102.44,21.02,110.26,818.3,133.78,47.92,937.1,62.9,343.86,15.62,360.26,206.1,759.72,42.41
Merton,E09000024,2.15,183.84,52.13,161.89,486.36,115.79,82.55,329.89,92.86,30.41,64.61,856.26,105.29,38.45,622.41,377.59,289.75,282,177.39,77.88,696.65,267.23
Mid Devon,E07000042,0.89,173.04,59.88,97.27,465.75,204.05,113.04,259.33,110.12,19.46,118.25,820.8,133.74,45.47,950.88,49.12,340.59,20.55,357.14,227.34,748.04,30.47
Mid Suffolk,E07000203,1.83,171.02,58.19,94.3,475.19,201.29,113.48,279.26,94.14,18.49,126.05,831.94,128.52,39.54,953.06,46.94,310,23.46,390.95,203.54,775.56,27.35
Mid Sussex,E07000228,2.28,180.7,58.81,100.1,479.44,180.95,108.49,302.46,89.13,17.41,101.55,857.8,106.81,35.39,903.46,96.54,299.76,78.61,338.43,107.4,840.95,65.59
Middlesbrough,E06000002,2.64,189.23,72.71,155.01,433.56,149.49,108.83,226.14,37.36,55.13,100.58,781.36,142.47,76.17,917.85,82.15,397.44,48.36,280.66,226.06,731.9,46.38
Milton Keynes,E06000042,2.01,209.71,59.16,135.25,485.32,110.57,95.02,337.61,63.22,34.72,74.97,850.43,108.23,41.35,814.58,185.42,284.62,58.73,385.62,147.4,741.55,124.22
Mole Valley,E07000210,2.8,171.99,58.71,85.65,476.64,207.02,98.6,278.86,104.75,17.91,111.5,851.85,112.53,35.62,900.51,99.49,314.86,74.4,322.64,97.27,851.65,68.91
New Forest,E07000091,1.72,151.7,55.12,88.91,454.12,250.15,111.69,258.12,84.98,18.63,139.38,810.22,140.94,48.84,939.67,60.33,315.01,21.84,370.37,160.12,814.72,32.79
Newark and Sherwood,E07000175,1.94,169.45,61,104.79,475.02,189.74,110.49,278.24,71.76,26.08,125,794.1,146.96,58.94,950.79,49.21,342.67,21.3,368.89,217.94,753.34,33.07
Newcastle upon Tyne,E08000021,1.76,160.77,79.94,210.44,410.66,138.19,92.21,249.17,46.87,38.02,87.7,796.03,135.69,68.28,865.87,134.13,408.17,111.09,240.48,173.89,741.37,93.8
Newcastle-under-Lyme,E07000195,2.83,158.66,68.9,133.06,457.68,181.71,102.82,281.55,56.41,27.27,119.72,791.36,143.71,64.92,949.75,50.25,343.2,30,372.22,224.69,748.11,31.81
Newham,E09000025,2.42,213.66,66.27,237.1,416.1,66.86,85.74,229.6,70.59,51.09,42.9,830.62,113.12,56.26,462.91,537.09,356.54,282.85,104.02,72.3,599.31,348.44
North Devon,E07000043,0.59,161.22,59.52,100.21,456.91,222.15,117.92,240.27,104.97,21.91,130.86,802.26,141.61,56.14,955.31,44.69,383.05,20.49,317.18,238.16,739.83,26.91
North Dorset,E07000050,1.21,166.54,65.75,96.22,455.71,215.78,104.73,272.74,98.07,18.97,122.1,830.06,128.43,41.51,931.53,68.47,347.42,13.66,355.42,195.43,774.16,38.25
North East Derbyshire,E07000038,2.75,152.27,60.15,98.81,477.54,211.24,117.94,273.4,68.83,27.24,142.99,772.15,158.89,68.95,975.55,24.45,326.12,36.6,379.13,218.04,771.72,13.03
North East Lincolnshire,E06000012,1.58,176.89,64.35,128.48,453.06,177.22,119.57,263.38,46.89,46.9,112.88,790.5,148.98,60.52,956.31,43.69,349.98,32.97,342.68,260.88,716.27,26.16
North Hertfordshire,E07000099,2.34,181.7,57.98,107.84,481.68,170.8,100.56,315.83,78.98,24.74,95.58,843.03,117.73,39.24,898.11,101.89,295.87,73.15,350.88,140.66,806.98,65.08
North Kesteven,E07000139,1.81,163.86,58.45,96.59,472.39,208.71,106.13,297.5,68.89,21.25,138.17,810.99,138.64,50.37,948.18,51.82,318.79,21.33,389.38,203.65,775.61,25.22
North Lincolnshire,E06000013,1.66,174.44,60.65,116.4,469.12,179.4,112.08,288.32,52.97,35.05,121.21,794.98,147.31,57.7,934.55,65.45,333.56,15.03,381.96,255.51,704.22,43.32
North Norfolk,E07000147,1.82,132.33,52.75,86.91,440.36,287.66,104.49,215.48,95.27,23.68,169.85,766.9,171.55,61.55,958.67,41.33,381.48,16.12,316.23,274.41,706.48,23.9
North Somerset,E06000024,1.64,169.11,55.91,98.01,466.5,210.46,114.12,274.46,76.15,21.47,125.22,810.79,136.6,52.61,941.96,58.04,315.93,28.38,373.25,168.04,801.3,36.83
North Tyneside,E08000022,2.15,165.87,57.07,116.13,485.17,175.77,108.64,305.52,47.98,36.37,117.02,781.8,150.18,68.02,960.43,39.57,319.12,97.7,319.67,177.83,803.23,22.81
North Warwickshire,E07000218,2.42,164.87,58.99,104.82,487.74,183.59,108.56,306.09,75.72,26.8,123.13,799.55,140.69,59.76,970.64,29.36,306.46,25.37,412.68,204.13,780.6,18.09
North West Leicestershire,E07000134,2.26,176.96,57.89,103.54,487.94,173.66,105.33,307.89,68.16,25.26,117.95,809.68,138.85,51.47,960.97,39.03,309.72,15.22,408.52,214.3,763.84,25.4
Northumberland,E06000057,2.21,158.29,58.43,102.56,480.41,200.31,108.75,273.33,69.81,32.68,138.9,782.99,153.72,63.29,971.76,28.24,360.26,34.57,343.15,205.25,782.87,15.61
Norwich,E07000148,1.51,154.71,66.7,211.93,420.68,145.99,102,283.01,54.55,38.19,81.25,802.89,140.52,56.59,871.17,128.83,423.64,46.86,289.45,234.81,676.29,99.01
Nottingham,E06000018,2.08,170.92,88.52,225.72,398.53,116.3,90.31,236.36,42.54,48.33,69.17,799.43,136.03,64.54,804.6,195.4,437.44,97.18,224.58,203.54,676.95,129.1
Nuneaton and Bedworth,E07000219,2.19,178.49,63,123.14,468.33,167.04,108.49,306.81,50.11,34.83,114.74,793.13,144.77,62.1,932.23,67.77,316.95,29.65,388.64,221.17,744.91,36.89
Oadby and Wigston,E07000135,2.87,161.21,89.12,115.47,440.38,193.82,109.42,277.19,62.49,23.39,108.63,818.07,133.95,47.98,849.21,150.79,316.15,46.34,363.82,147.69,809.99,50.29
Oldham,E08000004,2.79,210.1,66.95,132.34,444.09,146.52,98.58,259.72,55.29,38.51,99.72,784.86,145.75,69.39,882.16,117.84,344.52,56.87,309,161.47,797.53,46.52
Oxford,E07000178,1.15,156.48,85,261.02,387.96,109.54,81.37,282.19,54.15,25.02,54.94,869.65,94.27,36.08,715.36,284.64,435.12,89.58,254.97,112.82,690.53,229.03
Pendle,E07000122,2.91,192.1,61.32,134.41,451.75,160.42,101.02,259.12,64.28,33.67,109.03,780.21,150.15,69.65,891.48,108.52,359.9,31.4,329.08,187.52,772.53,49.49
Peterborough,E06000031,1.72,199.73,62.61,150.02,452.16,135.48,101.58,308.79,54.52,36.44,83.44,815.59,132.67,51.74,793.65,206.35,307.07,51.58,361.91,193.4,670.22,145.24
Plymouth,E06000026,0.81,163.54,69.44,168.62,435.7,162.71,110.6,270.04,51.16,31.73,105.38,795.42,139.46,65.12,928.99,71.01,375.82,57.45,314.77,223.15,738.49,43.42
Poole,E06000029,2.68,162.26,58.38,114.41,460.69,204.26,109.82,284.74,73.74,23.12,116.35,813.95,134.44,51.62,918.18,81.82,315.74,35.49,369.36,163.99,791.93,52.04
Portsmouth,E06000044,1.73,173.15,77.81,193.86,421.49,133.68,100.59,281.6,56.33,31.87,79.91,825.33,124.18,50.49,877.97,122.03,378.08,57.76,313.73,169.3,763.33,75.9
Preston,E07000123,2.22,179.75,74.53,176.97,431.48,137.27,101.2,272.67,49.45,32.63,86.64,806.81,132.56,60.63,866.39,133.61,366.83,61.42,314.14,180.72,752.59,72.32
Purbeck,E07000051,1.51,150.22,56.34,92.57,457.45,243.41,116.11,257.22,87.9,19.99,144.38,808.91,140.97,50.12,945.92,54.08,347.76,19.66,352.54,186.13,792.68,27.62
Reading,E06000038,1.71,182.8,63,190.67,449,114.53,89.17,334.33,59.33,34.23,64.23,854.74,107.71,37.55,751.96,248.04,351.91,109.24,289.08,141.97,684.9,189.78
Redbridge,E09000026,2.93,212.1,64.3,153.09,450.84,119.67,85.84,256.76,84.01,37.96,68.2,831,119.98,49.02,630.52,369.48,316.37,212.51,186.4,64.82,758.87,197.41
Redcar and Cleveland,E06000003,2.33,166.11,65.36,116.29,458.04,194.2,113.35,246.88,43.38,48.33,142.08,762.92,158.67,78.41,977.67,22.33,377.5,37.15,319.03,238.13,753.95,10.15
Redditch,E07000236,2.04,184.19,60.28,132.64,481.78,141.12,106.76,325.16,60.44,34.16,96.25,816.31,129.59,54.1,920.46,79.54,295.44,48.01,398.98,203.28,748.34,52.69
Reigate and Banstead,E07000211,2.89,184.73,55.69,109.64,485.01,164.93,97.43,316.46,88.39,20.98,89.08,855.81,107.85,36.34,879.22,120.78,286.89,98,334.62,100.4,832.75,84.08
Ribble Valley,E07000124,2.54,171.34,62.28,89.25,475.3,201.83,105.42,281.89,95.99,14.91,130.07,836.5,123.38,40.12,964.07,35.93,316.16,17.64,388.82,140.41,841.35,23.23
Richmond upon Thames,E09000027,1.58,187.03,48.59,116,513.11,135.28,75.98,328.95,109.46,22.21,73.77,878.68,89.11,32.21,757.18,242.82,301.14,214.67,221.02,58.99,793.46,192.5
Richmondshire,E07000166,1.58,166.82,67.91,148.54,442.07,174.66,100.39,329.47,92.91,21.48,110.86,847.9,115.23,36.87,916,84,370.88,21.61,351.31,180.14,777.52,47.74
Rochdale,E08000005,2.83,197.58,68.14,132.81,455.91,145.57,94.95,262.66,57.23,42.74,98.5,776.53,147.87,75.6,888.54,111.46,350.5,54.85,316.15,179.11,776.86,51.19
Rochford,E07000075,3.22,166.63,61.59,94.46,477.06,200.26,110.21,282.83,81.26,22.04,128.65,826.77,130.06,43.18,963.8,36.2,292.4,96.62,336.49,132.41,853.22,19.14
Rossendale,E07000125,2.44,180.69,63.38,114.87,486,155.06,99.94,295.18,73.59,30.74,108.44,793.53,141.26,65.21,954.13,45.87,319.69,33.02,383.88,191.84,789.94,22.29
Rother,E07000064,3.85,145.87,55.61,77.37,436.75,284.4,95.87,204.2,102.89,22.29,156.35,771.5,165.14,63.35,936.36,63.64,366.17,38.15,289.6,174.97,798.14,37.52
Rotherham,E08000018,2.9,178.98,63.03,119.13,464.57,174.29,112.06,267.65,54.39,38.17,120.95,771.41,152.67,75.92,948.9,51.1,336.42,47.75,346.4,225.52,750.41,27.29
Rugby,E07000220,1.73,180.52,61.69,114.95,469.62,173.21,100.88,323.91,65.02,26.11,107.15,829.55,125.71,44.75,883.27,116.73,305.11,26.48,395.45,174.39,753.8,78.87
Runnymede,E07000212,1.93,161.68,67.83,142.58,460.63,167.28,89.69,306.99,79.29,20.25,88.08,854.18,108.89,36.93,830.73,169.27,321.69,55.99,365,105.13,780.95,134.91
Rushcliffe,E07000176,1.83,173.19,59.48,103.43,480.13,183.78,105.76,294.05,78.31,19.99,115.36,845.06,114.99,39.94,934.51,65.49,306.68,50.72,369.28,124.18,846.47,38.15
Rushmoor,E07000092,2.33,189.27,64.13,148.86,475.74,122,99.8,366.68,59.19,27.64,72.64,856.12,107.66,36.22,824.39,175.61,278.45,61.45,402.6,140.86,751.86,117.37
Rutland,E06000017,1.74,162.06,77.47,97.59,452.84,210.04,102.95,276,89.59,17.21,122.53,844.18,121.28,34.55,935.86,64.14,367.82,15.73,340.36,156.49,815.09,38.51
Ryedale,E07000167,1.29,152.31,61.58,82.86,470.37,232.88,111.55,246.57,120.81,19.88,135.36,812.18,141.62,46.2,958.49,41.51,364.63,14.76,346.8,234.31,743.72,27.84
Salford,E08000006,2.65,180.54,64.56,173.24,439.71,141.95,92.66,290.54,48.61,38.65,89.56,783.87,140.42,75.71,882.61,117.39,364.09,74.68,301.25,186.67,734.95,84.99
Sandwell,E08000028,3.13,201.89,65.64,142.43,437.99,152.05,96.67,264.03,42.91,52.1,92.78,766.93,156.09,76.97,840.71,159.29,344.06,79.11,289.38,242.74,678.77,82.27
Scarborough,E07000168,1.73,148.04,60.11,106.95,452.16,232.74,117.97,223.78,85.5,30.99,148.14,771.76,161.66,66.58,951.28,48.72,419.27,27.38,283.11,239.1,734.09,31.44
Sedgemoor,E07000188,1.54,167.12,62.04,103.54,462.53,204.78,114.3,262.75,83.31,25.94,123.24,797.07,147.75,55.18,950.4,49.6,334.65,11.87,376.97,228.33,743.57,32.5
Sefton,E08000014,2.85,160.86,60.78,112.6,457.53,208.23,108.84,259.39,59.41,35.46,125.38,778.64,148.36,73,957.79,42.21,344.57,71.91,307.42,167,810.66,26.51
Selby,E07000169,1.43,171.19,60,105.44,495.52,167.84,111.36,315.14,76.68,25.81,116.36,826.55,127.67,45.78,957.83,42.17,300.26,30.92,409.77,174.21,801.03,28.01
Sevenoaks,E07000111,2.39,182.8,59.86,91.09,477.67,188.58,100.33,277.01,97.31,20.3,109.07,845.48,114.72,39.8,918.44,81.56,305.93,108.94,299.69,116.06,842.13,59.32
Sheffield,E08000019,2.18,170.99,76.55,171.77,425.63,155.05,102.89,254.99,54.32,35.51,95.79,800.79,137.02,62.19,883.26,116.74,376.06,87.46,280.11,187.58,749.61,70.9
Shepway,E07000112,3.37,165.81,61.04,109.21,456.34,207.61,103.28,253.65,74.07,33.12,127.76,783.34,152.5,64.17,907.55,92.45,361.21,42.67,317.97,173.95,774.08,59.14
Shropshire,E06000051,1.76,160.86,61.91,105.31,465.15,206.77,113.55,271.47,93.21,24.01,123.59,814.09,135.48,50.42,953,47,348.41,18.12,364.83,221.38,753.99,29.63
Slough,E06000039,2.23,226.85,61.15,163.51,457.02,91.47,84.78,311.04,63.66,38.8,53.61,838.91,116.17,44.91,610.2,389.8,301.08,78.21,337.21,98.98,680.37,238.71
Solihull,E08000029,2.66,176.01,64.87,106.59,460.95,191.59,105,286.5,66.16,30.5,116.22,817.13,130.91,51.96,925.55,74.45,300.28,66.55,351.02,145.59,821.49,40
South Cambridgeshire,E07000012,1.22,184.65,58.71,102.39,488.19,166.06,104.85,326.03,84.11,16.8,94.42,861.74,106.16,32.1,888.65,111.35,271.99,44.43,408.12,129.34,803.09,86.32
South Derbyshire,E07000039,2.52,184.07,62.09,108.58,490.66,154.6,108.64,314.32,67.56,22.46,108.72,820.46,130.51,49.02,961.21,38.79,292.32,20.45,421.28,200.79,781.3,21.66
South Gloucestershire,E06000025,1.48,176.55,66.98,118.22,469.25,169.01,119.7,313.92,65.26,20.38,104.24,840.35,117.75,41.9,934.17,65.83,282.27,33.6,416.6,156.13,806.51,44.24
South Hams,E07000044,0.54,147.17,56.43,85.06,473.73,237.6,110.42,228.28,127.21,17.1,147.31,817.75,133.21,49.04,946.14,53.86,376.75,19.88,332.46,164.37,813.19,31.21
South Holland,E07000140,2.01,155.94,55.83,104.54,460.93,222.76,95.53,291.42,72.23,28.68,134.71,780.79,158.24,60.97,904.38,95.62,325.46,12.9,385.78,258.57,665.91,78.54
South Kesteven,E07000141,2.03,170.93,60.72,97.62,479.69,191.05,108.97,299.36,73.77,24.28,120.07,819.39,132.8,47.81,931.84,68.16,325.01,23,379.41,203.61,758.76,43.2
South Lakeland,E07000031,2.55,141.17,55.93,85.31,475.25,242.35,115.91,259.15,107.1,14.7,149.12,818.52,136.19,45.29,951.68,48.32,375.31,18.7,337.54,173.59,798.23,33.73
South Norfolk,E07000149,1.75,167.32,58.58,89.48,470.74,213.87,113.15,270.56,88.11,19.67,131.03,821.53,133.66,44.81,951,49,306.51,29.81,384.07,208.01,768.62,30.3
South Northamptonshire,E07000155,1.51,181.7,58.43,84.42,506.42,169.02,105.69,317.4,97.13,17.33,107.54,855.83,110.08,34.09,941.91,58.09,280.89,22.53,428.14,138.9,833.99,36.41
South Oxfordshire,E07000179,1.52,180.74,57.66,99.58,480.43,181.59,101.23,312.65,94.13,18.22,100.34,859.17,107.32,33.5,907.86,92.14,306.25,44.09,371.35,135.96,812.63,68.15
South Ribble,E07000126,2.06,170.31,59.35,115.89,476.45,178,109.75,322.47,61.24,22.2,121.83,818.1,130.57,51.32,962.44,37.56,287.21,34.61,415.95,170.05,812.84,20.53
South Somerset,E07000189,1,164.87,59.46,103.2,456.49,215.98,113.52,276.88,84.02,19.66,128.66,813.57,138.19,48.24,940.28,59.72,338.74,11.68,367.69,219.87,749.78,36.27
South Staffordshire,E07000196,2.32,150.97,61.55,101.79,477.57,208.13,113.05,286.64,78.16,24.69,136.45,808.48,137.81,53.71,972.24,27.76,310.8,29.93,405.76,182.35,806.33,13.84
South Tyneside,E08000023,3.02,161.79,64.09,123.87,468.97,181.28,104.5,275.7,40.15,48.24,117.16,757.5,160,82.5,966.49,33.51,359.65,91.13,284.94,219.51,766,17.46
Southampton,E06000045,1.44,163.83,75.74,216.01,414.49,129.92,96.49,287.41,54.73,32.21,75.04,825.44,123.6,50.96,824.17,175.83,382.95,60.44,317.34,174.04,707.88,128.32
Southend-on-Sea,E06000033,3.5,177.96,58.64,121.58,464.46,177.35,103.36,276.24,73.71,35.75,101.67,801.98,140.62,57.4,901.4,98.6,341.02,102.92,275.91,168.17,776.9,62.9
Southwark,E09000028,1.45,174.82,55.38,217.57,474.77,77.46,77.09,328.41,77.65,46.77,44.89,847.11,103.84,49.05,605.71,394.29,358.52,309.03,111.38,80.47,679.67,276.32
Spelthorne,E07000213,2.13,171.1,56.44,116.31,481.66,174.48,97.06,339.7,73.34,23.82,97.17,838.59,120.39,41.02,859.11,140.89,267.52,77.32,386.51,110.44,808.75,96.28
St Albans,E07000240,2.27,201.22,56.67,100.76,486.54,154.81,95.8,305.69,89.33,19.3,87.59,869.76,98.12,32.12,865.29,134.71,288.19,114.26,307.49,83.99,842.75,96.53
St Edmundsbury,E07000204,1.04,171.47,58.25,123.45,457.74,189.09,111.87,309.64,71.79,22.19,112.16,830.56,126.85,42.59,914.77,85.23,322.6,21.71,385.08,191.16,754.79,61.93
St. Helens,E08000013,2.87,169.71,62.51,119.92,468.74,179.11,103.64,285.03,45.75,37.88,126.31,767.81,149.44,82.75,973.04,26.96,343.4,45.86,349.92,212,774.54,15.89
Stafford,E07000197,2.45,158.86,60.01,115.47,472.54,193.12,107.75,297.61,67.81,23.14,124.14,817.15,132.32,50.53,939.21,60.79,340.42,25.76,377.29,196.09,770.82,38.31
Staffordshire Moorlands,E07000198,2.76,152.91,58,95.02,484.19,209.88,108.41,282.5,84.15,20.92,141.55,792.17,148.62,59.21,977.01,22.99,333.06,16.06,393.21,223.46,765.58,13.54
Stevenage,E07000243,1.82,190.3,66.59,137.42,464.29,141.41,103.97,322.22,62.56,34.84,80.39,827.41,126.87,45.71,882.27,117.73,284.06,68.9,373.45,168.61,767.5,73.32
Stockport,E08000007,2.31,176.19,59.57,109.72,474.39,180.13,105.71,293.17,69.42,28.25,110.83,811.05,132.74,56.21,931.65,68.35,308.16,66.3,350.32,145.19,824.75,37.53
Stockton-on-Tees,E06000004,2.29,181.37,66.9,131.79,463.62,156.31,115.18,276.22,46.66,42.14,108.38,798.98,137.7,63.32,953.86,46.14,338.79,36.66,358.61,204.6,775.66,23.17
Stoke-on-Trent,E06000021,2.88,182.89,64.4,149.57,447.25,155.89,99.32,269.46,45.94,39.01,104.85,766.32,153.32,80.35,916.81,83.19,358.38,43.35,332.42,273.31,683.79,46.2
Stratford-on-Avon,E07000221,2.24,157.61,55.92,88.3,477.56,220.61,105,280.67,102.72,17.88,125.78,830.48,127.11,42.41,938.07,61.93,328.97,20.09,379.06,160.61,804.69,43.57
Stroud,E07000082,1.53,169.09,61.05,90.05,484.94,194.87,114.37,282.94,95.59,20.45,113.55,828.97,128.05,42.99,945.7,54.3,310.19,19.81,396.69,187.46,787,33.91
Suffolk Coastal,E07000205,2.04,163.12,59.07,83,463.07,231.74,112.92,257.24,84.13,19.26,138.06,817.5,137.75,44.76,938.85,61.15,326.47,23.48,360.04,186.18,785.53,37.05
Sunderland,E08000024,2.81,162.85,64.56,133.04,469.7,169.84,105.94,275.49,41.66,43.61,116.93,754.69,159.53,85.78,958.97,41.03,363.01,72.19,310.89,222.26,755.36,24.44
Surrey Heath,E07000214,2.65,182.79,59.56,102.02,488.41,167.22,98.67,320.92,85.38,20.09,97.99,867.68,99.98,32.34,867.4,132.6,286.73,43.55,396,90.41,844.97,83.4
Sutton,E09000029,2.39,186.79,60.41,125.39,484.19,143.22,97.3,316.13,83.19,28.55,81.31,842.67,116.37,40.96,801.44,198.56,282.16,172.64,274.69,100.41,792.53,126.95
Swale,E07000113,2.95,187.72,64.12,117.57,464.04,166.55,101.92,276.9,71.4,33.41,109.71,801.83,140.74,57.42,942.64,57.36,341.64,43.66,340.64,211.18,756.83,37.75
Swindon,E06000030,1.52,185.45,59.4,133.56,483.63,137.95,105.84,343.82,57.67,31.16,85.43,834.41,119.8,45.79,871.19,128.81,289.49,54.51,392.67,182.64,734.95,90.05
Tameside,E08000008,2.92,182.03,63.77,127.96,470.3,155.94,97.47,298.85,54.81,36.71,107.98,776.58,150.5,72.92,930.38,69.62,335.1,71.41,329.66,186.19,782.31,35.2
Tamworth,E07000199,2.51,187.36,62.39,129.21,475.96,145.08,111.52,319.14,52.6,33.08,105.5,808.37,134.27,57.36,963.08,36.92,301.92,32.36,405.61,222.05,756.42,24.12
Tandridge,E07000215,2.53,180.63,60.05,95.21,479.11,185,96.95,291.63,102.05,19.82,101.09,848.57,113.86,37.57,912.65,87.35,294.19,107.01,315.16,103.06,853.9,57.24
Taunton Deane,E07000190,1.64,167.88,65.54,111.38,455.43,199.77,116.82,281.19,76.46,20.17,111.56,816.43,134.81,48.76,929.18,70.82,338.17,18.8,359.27,206.78,754.74,45.4
Teignbridge,E07000045,0.85,152.88,57.62,89.57,466.35,233.59,115.12,249.42,95.19,19.94,136.93,798.27,146.81,54.92,953.38,46.62,342.35,25.17,352.74,201.41,779.29,25.66
Telford and Wrekin,E06000020,1.45,191.7,68.99,130.53,464.23,144.56,99.2,303.45,51.54,34.84,100.8,801.95,135.67,62.38,927.17,72.83,322.45,31.02,380.31,254.24,707.09,42.31
Tendring,E07000076,4.17,151.58,57.73,89.69,431,270,102.49,212.58,70.92,32.84,162.28,742.39,181.47,76.13,957.05,42.95,374.88,32.74,295.4,233.66,746.39,23.67
Test Valley,E07000093,1.9,175.47,60.83,95.3,484.57,183.83,107.16,311.32,77.95,18.33,112.43,846.1,116.24,37.66,916.67,83.33,306.38,31.38,389.5,149.48,814.42,45.91
Tewkesbury,E07000083,2.15,166.35,54.53,98.98,478.67,201.47,109.93,303.64,78.8,20.53,122.73,832.52,124.64,42.85,935.54,64.46,302.48,27.4,398.5,168.63,799.75,38.99
Thanet,E07000114,3.34,178.14,64.04,109.67,436.41,211.74,101.55,223.1,71.21,39.93,128.41,758.27,166.76,74.97,914.08,85.92,368.47,45.73,289.69,208.6,740.64,56.88
Three Rivers,E07000102,2.62,187.31,60.69,103.91,479.68,168.42,96.49,294.31,97.79,22.72,91.29,849.09,111.91,39,861.42,138.58,280.06,96.41,338.63,102.16,831.29,82.5
Thurrock,E06000034,2.83,204.08,62.48,132.94,473.54,126.95,103.8,308.3,64.43,39.25,84.82,829.4,122.94,47.66,880.31,119.69,278.72,106.27,338.66,156.44,768.61,86.28
Tonbridge and Malling,E07000115,2.02,192.74,66.87,96.4,474.91,169.09,105.05,295.21,80.86,21.36,103.73,842.52,118.07,39.41,931.49,68.51,295.11,73.59,346.79,141.48,824.36,45.47
Torbay,E06000027,1.14,153.17,57.8,102.93,450.51,235.6,112.88,225.54,82.06,32.64,140.62,761.4,163.07,75.54,945.92,54.08,383.09,26.51,308.18,221.21,751.85,32.06
Torridge,E07000046,0.69,152.59,56.88,88.64,467.27,234.62,113.57,218.49,117.39,24.84,149.23,783.67,154.18,62.14,965.68,34.32,392.38,16.54,319.63,268.19,717.48,18.44
Tower Hamlets,E09000030,1.97,186.87,57.55,279.32,414.98,61.28,74.19,307.09,64.29,52.18,36.45,833.06,106.5,60.44,569.32,430.68,404.48,276.27,92.79,66.08,694.74,266.15
Trafford,E08000009,2.08,189.68,59.7,112.72,477.81,160.09,100.62,301,69.97,27.08,95.9,826.16,121.59,52.25,887.89,112.11,298.1,68.31,352.13,123.6,820.72,66.87
Tunbridge Wells,E07000116,1.82,190.83,62.62,107.64,473.11,165.8,97.91,287.89,96.81,21.04,90.21,850.18,111.15,38.67,900.61,99.39,334.1,87.48,291.61,131.6,814.29,70.66
Uttlesford,E07000077,1.62,187.81,63.53,90.67,487.12,170.88,104.55,288.04,105.91,19.22,96.74,858.84,108.51,32.65,926.73,73.27,301.5,56.67,360.41,113.15,845.76,52.73
Vale of White Horse,E07000180,1.55,177.74,61.3,106.51,474.58,179.86,103.7,323.97,78.03,18.1,100.42,858.39,107.97,33.64,898.3,101.7,289.51,44.35,389.16,149.88,793.52,71.6
Wakefield,E08000036,2.46,171.75,61.44,123.8,473.78,169.23,109.76,293.27,51.26,35.91,118.84,767.89,155.28,76.83,946.09,53.91,337.84,49.83,351.95,212.39,757.14,33.77
Walsall,E08000030,3.27,195.34,65.6,130.68,438.27,170.11,100.01,251.53,51.95,48.29,107.18,772.96,154.66,72.39,901.1,98.9,347.6,52.16,313.03,247.57,712.61,43.06
Waltham Forest,E09000031,2.1,201.6,59.02,182.43,457.96,99,84.76,268.67,91.73,45.13,59.38,827.13,120.55,52.31,613.5,386.5,321.14,258.68,159.69,87.04,684.79,253.2
Wandsworth,E09000032,1.46,158.85,40.4,231,482.09,87.66,61.79,403.8,96.21,30.33,49.32,873.41,88.92,37.67,646.34,353.66,290.89,358.82,143.57,62.02,717.25,267.34
Warrington,E06000007,2.54,178.81,61.85,121.6,478.45,159.3,107.71,315.86,57.45,29.48,109.72,825.59,120.88,53.53,943.09,56.91,303.6,38.24,397.22,155.32,812.11,37.53
Warwick,E07000222,1.76,161.1,58.3,152.16,460.99,167.46,97.76,312.84,72.98,22.65,96.76,845.49,114.2,40.31,884.47,115.53,339.26,37.16,371.02,139.57,791.39,80.71
Watford,E07000103,2.62,193.4,58.71,152.42,471.98,123.49,93.44,337.5,76.34,29.81,69.32,848.86,109.76,41.38,752.96,247.04,305.72,109.04,319.29,100.95,747.21,169.27
Waveney,E07000206,2.16,160.58,58.6,101.32,440.96,238.54,116.81,232.36,64.82,32.31,143.94,773.67,160.87,65.46,961.75,38.25,361.6,18.9,329.91,271.5,708.82,23.72
Waverley,E07000216,2.47,184.28,65.06,85.13,469.58,195.95,95.98,271.56,102.28,17.01,100.85,862.41,105.02,32.57,893.97,106.03,315.32,65.13,323.8,108.22,840.01,72.08
Wealden,E07000065,2.51,165.4,59.15,83.72,462.46,229.27,105.27,244.76,111.96,17.93,128.2,825.14,130.33,44.53,932.45,67.55,321.97,45.01,344.03,142.62,825.81,42.44
Wellingborough,E07000156,2,187.2,58.35,114.96,475.81,163.68,98.85,310.09,58.92,34,106.95,807.1,141.82,51.08,875.94,124.06,316.72,26.21,384.51,212.34,720.87,71.91
Welwyn Hatfield,E07000241,2.23,170.92,74.43,173.71,427.69,153.25,89.92,283.3,68.72,24.31,80.7,848.06,112.43,39.52,828.13,171.87,340.13,77.96,319.36,120.26,764.54,130.95
West Berkshire,E06000037,1.45,188.5,62.62,103.02,492.26,153.59,101.2,332.1,82.5,21.32,91.63,861.39,106.98,31.63,909.55,90.45,290.75,47.3,390.42,149.28,802.43,61.53
West Devon,E07000047,0.56,154.26,55.66,86.61,472.11,231.36,110.51,226.13,120.35,22.35,142.48,805.84,142.77,51.39,952.46,47.54,387.41,16.08,323.66,223.57,755.68,26.68
West Dorset,E07000052,1.39,145.44,59.15,79.66,451.03,264.73,110.04,233.11,103.26,16.28,150.28,803.01,147.12,49.87,943.98,56.02,376.86,15.89,316.06,199.63,777.91,31.12
West Lancashire,E07000127,2.36,168.21,69.78,114.23,459.19,188.6,103.93,267.95,70.53,28.73,125.47,803.19,133.71,63.1,961.26,38.74,344.56,35.14,357.53,178.61,797.88,27.17
West Lindsey,E07000142,1.8,160.12,63.23,90.26,477.66,208.73,110.42,270.96,75.03,27.98,138.55,799.64,146.78,53.58,959.46,40.54,348.58,12.83,372.83,237.76,746.48,19.68
West Oxfordshire,E07000181,1.71,173.48,57.24,108.33,477.11,183.83,103.92,330.21,90.21,16.51,99.43,853.43,111.52,35.05,919.01,80.99,288.36,35.17,403.36,160.72,797.66,53.75
West Somerset,E07000191,0.92,128.77,51.88,94.97,433.68,290.7,104.57,210.24,117.35,19.84,166.23,770.01,165.57,64.43,948.93,51.07,427.17,13.84,277.61,253.32,719.31,32.27
Westminster,E09000033,1.63,141.33,45.57,205.05,496.31,111.73,57.46,332.27,100.39,36.19,54.74,841.47,100.4,58.13,466.77,533.23,443.45,274.17,82.33,36.03,617.76,404.58
Weymouth and Portland,E07000053,1.04,155.51,59.77,111.74,464.05,208.92,125.43,252.54,67.75,28.45,133.41,790.2,150.41,59.39,946.37,53.63,371.95,40.4,322.23,221.12,753.53,29.98
Wigan,E08000010,2.85,176.17,61.57,124.22,475.54,162.5,103.45,297.95,54.88,36.13,120.22,780.93,147.23,71.84,964.79,35.21,333.26,40.58,370.21,198.31,782.56,21.7
Wiltshire,E06000054,1.64,180.15,61.99,106.57,469.78,181.51,107.87,304.08,80.9,21.23,105.93,838,121.49,40.51,921.29,78.71,319.73,28.93,372.37,185.77,780.36,42.21
Winchester,E07000094,1.63,171.79,69.76,112.8,458.85,186.79,98.07,277.36,88.36,16.66,104.83,859.76,105.96,34.28,911.15,88.85,348.27,44.27,332.14,127.59,831.43,55.89
Windsor and Maidenhead,E06000040,2.17,185.47,57.71,110.35,479.91,166.55,88.04,320.54,89.26,22.77,92.46,867.27,98.46,34.26,826.19,173.81,308.11,57.87,355.15,88.48,812.25,124.26
Wirral,E08000015,2.8,172.6,62.11,112.6,462.03,190.65,107.93,261.73,54.21,37.33,121.21,782.13,142.87,75,959.57,40.43,343.25,65.31,313.34,182.74,799.45,22.28
Woking,E07000217,1.88,190.11,53.63,118.68,487.94,149.63,90.5,325.97,83.3,23.32,83.09,863.43,102.66,33.9,801.2,198.8,288.45,98.28,336.29,92.93,788.75,144.49
Wokingham,E06000041,1.73,189.93,61.45,100.4,494.12,154.09,98.99,332.04,78.25,19.16,97.01,878.14,94.35,27.51,876.55,123.45,278.9,57.04,391.31,91.46,848.72,76.99
Wolverhampton,E08000031,2.95,185.29,67.05,144.05,440.75,162.86,97.66,256.47,45.63,56.63,95.25,771.36,156.72,71.92,836.1,163.9,358.93,69.02,293.51,244.6,676.96,82.2
Worcester,E07000237,1.77,175.93,66.57,146.78,462.81,147.91,111.37,311.61,58.27,31.09,90.29,823.63,127.82,48.55,918.31,81.69,340.37,34.64,367.96,209.73,742.21,53.34
Worthing,E07000229,1.99,167.13,54.08,110,462.61,206.17,106.9,282.26,76.28,24.64,109.19,803.22,144.13,52.65,905.81,94.19,325.68,48.56,336.18,161.07,788.12,60.28
Wychavon,E07000238,2.12,157.71,57.45,91.74,479.19,213.91,109.59,281.01,92.18,22.87,127.1,819.65,133.47,46.89,944.27,55.73,321.5,17.09,392.37,187.95,778.04,39.25
Wycombe,E07000007,1.9,190.26,63.08,122.46,465.75,158.44,93.22,301.34,88.02,23.44,91.54,857.61,107.52,34.86,849.53,150.47,308.2,50.41,364.91,108.38,820.48,87.71
Wyre,E07000128,3.16,148.47,60.91,95.18,448.33,247.1,104.85,249.87,77.54,22.87,152.83,768.68,159.53,71.79,966.63,33.37,339.19,27.16,354.43,188.96,795.26,19.18
Wyre Forest,E07000239,2.54,159.66,56.48,106.28,468.71,208.86,112.21,276.04,71.66,31.04,136.32,788.07,151.89,60.05,960.87,39.13,340.45,23.39,374.41,237.18,743.62,22.72
York,E06000014,1.7,150.15,71.18,171.19,438.76,168.72,113.54,287.97,62.25,23.14,104.46,838.73,119.93,41.34,907.96,92.04,378.01,51.54,326.76,156.03,784.79,68.47